{"TOTAL_SPENT": 394.0794}
{"TOTAL_SPENT": 57.202200000000005}
{"TOTAL_SPENT": 718.0575}
{"TOTAL_SPENT": 270.67920000000004}
{"TOTAL_SPENT": 437.5725}
{"TOTAL_SPENT": 551.99}
{"TOTAL_SPENT": 3.88087}
{"TOTAL_SPENT": 574.7524}
{"TOTAL_SPENT": 174.87}
{"TOTAL_SPENT": 189.27}
{"TOTAL_SPENT": 496.9275}
{"TOTAL_SPENT": 981.83}
{"TOTAL_SPENT": 398.3252}
{"TOTAL_SPENT": 950.022}
{"TOTAL_SPENT": 227.65380000000002}
{"TOTAL_SPENT": 808.5419999999999}
{"TOTAL_SPENT": 226.78}
{"TOTAL_SPENT": 604.0649999999999}
{"TOTAL_SPENT": 178.74}
{"TOTAL_SPENT": 405.68879999999996}
{"TOTAL_SPENT": 1099.5824}
{"TOTAL_SPENT": 93.6825}
{"TOTAL_SPENT": 444.29}
{"TOTAL_SPENT": 414.7676}
{"TOTAL_SPENT": 555.8784}
{"TOTAL_SPENT": 6.82934}
{"TOTAL_SPENT": 497.88}
{"TOTAL_SPENT": 2.9918}
{"TOTAL_SPENT": 149.54}
{"TOTAL_SPENT": 20.822400000000002}
{"TOTAL_SPENT": 828.02}
{"TOTAL_SPENT": 247.11060000000003}
{"TOTAL_SPENT": 430.86}
{"TOTAL_SPENT": 603.9449999999999}
{"TOTAL_SPENT": 715.0956000000001}
{"TOTAL_SPENT": 41.22}
{"TOTAL_SPENT": 156.1575}
{"TOTAL_SPENT": 150.9222}
{"TOTAL_SPENT": 201.39}
{"TOTAL_SPENT": 623.8875}
{"TOTAL_SPENT": 150.9732}
{"TOTAL_SPENT": 777.114}
{"TOTAL_SPENT": 1.70478}
{"TOTAL_SPENT": 350.80629000000005}
{"TOTAL_SPENT": 6.88464}
{"TOTAL_SPENT": 659.47}
{"TOTAL_SPENT": 733.91}
{"TOTAL_SPENT": 644.919}
{"TOTAL_SPENT": 268.86}
