{"TOTAL_AMOUNT": 78936.69999999995}
{"TOTAL_AMOUNT": 89253.69999999995}
{"TOTAL_AMOUNT": 77508.77000000005}
{"TOTAL_AMOUNT": 77918.89000000004}
{"TOTAL_AMOUNT": 89837.12999999995}
{"TOTAL_AMOUNT": 77546.22999999998}
{"TOTAL_AMOUNT": 78473.30000000005}
{"TOTAL_AMOUNT": 78009.73999999998}
{"TOTAL_AMOUNT": 95768.10999999999}
{"TOTAL_AMOUNT": 78262.09999999998}
{"TOTAL_AMOUNT": 78924.66999999998}
{"TOTAL_AMOUNT": 96749.93999999999}
{"TOTAL_AMOUNT": 79245.89999999998}
{"TOTAL_AMOUNT": 79352.95000000004}
{"TOTAL_AMOUNT": 80251.51000000004}
{"TOTAL_AMOUNT": 79590.82999999997}
{"TOTAL_AMOUNT": 86294.37999999996}
{"TOTAL_AMOUNT": 79163.47999999995}
{"TOTAL_AMOUNT": 80396.24999999997}
{"TOTAL_AMOUNT": 80430.25000000004}
{"TOTAL_AMOUNT": 79778.15999999995}
{"TOTAL_AMOUNT": 81283.00999999997}
{"TOTAL_AMOUNT": 80555.16000000005}
{"TOTAL_AMOUNT": 80222.44999999994}
{"TOTAL_AMOUNT": 86628.86999999997}
{"TOTAL_AMOUNT": 81064.68999999994}
{"TOTAL_AMOUNT": 87604.48999999996}
{"TOTAL_AMOUNT": 88102.36999999997}
{"TOTAL_AMOUNT": 80982.56000000004}
{"TOTAL_AMOUNT": 88251.90999999996}
{"TOTAL_AMOUNT": 89856.40999999995}
{"TOTAL_AMOUNT": 89079.92999999996}
{"TOTAL_AMOUNT": 89454.33999999997}
{"TOTAL_AMOUNT": 90028.81999999996}
{"TOTAL_AMOUNT": 81869.94999999994}
{"TOTAL_AMOUNT": 97326.62999999999}
{"TOTAL_AMOUNT": 81023.78000000004}
{"TOTAL_AMOUNT": 81491.21999999997}
{"TOTAL_AMOUNT": 81719.88999999997}
{"TOTAL_AMOUNT": 90230.20999999996}
{"TOTAL_AMOUNT": 91062.05999999997}
{"TOTAL_AMOUNT": 91201.84999999996}
{"TOTAL_AMOUNT": 98046.18}
{"TOTAL_AMOUNT": 81267.32000000004}
{"TOTAL_AMOUNT": 81534.59000000004}
{"TOTAL_AMOUNT": 90839.92999999995}
{"TOTAL_AMOUNT": 98705.65}
{"TOTAL_AMOUNT": 91573.83999999995}
{"TOTAL_AMOUNT": 92550.98999999995}
{"TOTAL_AMOUNT": 99064.12999999999}
